{"cameraMode":{"drawMode":0,"name":"Shaded","section":"Shading Mode"},"sceneLighting":true,"audioPlay":false,"sceneViewState":{"m_AlwaysRefresh":false,"showFog":true,"showSkybox":true,"showFlares":true,"showImageEffects":true,"showParticleSystems":true,"showVisualEffectGraphs":true,"m_FxEnabled":true},"in2DMode":false,"pivot":{"x":-0.0865490734577179,"y":1.9720759391784669,"z":1.0331809520721436},"rotation":{"x":-0.0005530703347176313,"y":-0.9992685914039612,"z":0.03479835391044617,"w":-0.015882844105362893},"size":5.461954593658447,"orthographic":false}